Type,Train/Load Number,Plant,Delivery Zone,Ship Category,Picklist Number,Cart Number,Cart ID,Pallet ID,Program ID,Total Carts,P/Y/M/T/C,Checksheet Number,Master Barcode,Movement Barcode,Case Code,Outgoing Serial,Cart Sequence Number,From Lot,To Lot,Model,Cart Type,Scheduled Dispatch Date,Scheduled Dispatch Time,Header Delivery Location,Order Number,Batch Number,Loading Sequence,Chassis Number,Container Packing Sequence,Part Number,Description,Part Colour,Final Required Quantity,Fulfilled Quantity,Inventory Serial Number,Detail Delivery Location,Container Position,Container Type,Picking Location,MCID,Container Total,Demand ID,Pack Sequence,Option,Vehicle Color,Interior Color,Exterior Color
TRAIN,TE310100,01,H,PR,DEMO-PICK-001,1,BSXX-R01,PAL-BSXX-R01,ODG301R,7,T30B/ALL/O/I/EXTCOLR,DEMO-SHEET-001,DEMO-MASTER-001,AE1TE310100XHPR,BSXX-R01,,1,,,T30B,,,,DOCK01,DEMO-ORDER-001,167064,,,001,7132130A,"COVER, FR",STD,60,,,H320R1,1,A1,,,0,DEMO-DEMAND-001,1,,,,
TRAIN,TE310100,01,H,PR,DEMO-PICK-001,1,BSXX-R01,PAL-BSXX-R01,ODG301R,7,T30B/ALL/O/I/EXTCOLR,DEMO-SHEET-001,DEMO-MASTER-001,AE1TE310100XHPR,BSXX-R01,,1,,,T30B,,,,DOCK01,DEMO-ORDER-001,167064,,,002,8033030B,INTERNAL TRIM,STD,20,,,H320R1,1,A1,,,0,DEMO-DEMAND-002,2,,,,
TRAIN,TE310100,01,F,PR,DEMO-PICK-002,1,BSXX-L01,PAL-BSXX-L01,ODG301R,7,T30B/ALL/O/I/EXTCOLR,DEMO-SHEET-002,DEMO-MASTER-002,AE1TE310100XFPR,BSXX-L01,,1,,,T30B,,,,DOCK01,DEMO-ORDER-002,167064,,,001,8033030B,INTERNAL TRIM,STD,20,,,F136L2,1,A1,,,0,DEMO-DEMAND-003,1,,,,
TRAIN,TE310100,01,F,PR,DEMO-PICK-003,2,BSXX-L02,PAL-BSXX-L02,ODG301R,7,T30B/ALL/O/I/EXTCOLR,DEMO-SHEET-003,DEMO-MASTER-003,AE1TE310100XFPR,BSXX-L02,,2,,,T30B,,,,DOCK01,DEMO-ORDER-003,167064,,,001,8416130A,GARN ASSY,NH882L,60,,,F130L1,2,A1,,,0,DEMO-DEMAND-004,1,,,,
TRAIN,TE310100,01,F,PR,DEMO-PICK-004,3,BSXX-L03,PAL-BSXX-L03,ODG301R,7,T30B/ALL/O/I/EXTCOLR,DEMO-SHEET-004,DEMO-MASTER-004,AE1TE310100XFPR,BSXX-L03,,3,,,T30B,,,,DOCK01,DEMO-ORDER-004,167064,,,001,7650030A,WIPER ASSY,STD,30,,,F128L1,3,A3,,,0,DEMO-DEMAND-005,1,,,,
TRAIN,TE310100,01,F,PR,DEMO-PICK-005,4,BSXX-L04,PAL-BSXX-L04,ODG301R,7,T30B/ALL/O/I/EXTCOLR,DEMO-SHEET-005,DEMO-MASTER-005,AE1TE310100XFPR,BSXX-L04,,4,,,T30B,,,,DOCK01,DEMO-ORDER-005,167064,,,001,3355030A,LIGHT ASSY,STD,30,,,F110L1,4,A3,,,0,DEMO-DEMAND-006,1,,,,
TRAIN,TE310100,01,F,PR,DEMO-PICK-006,5,BSXX-L05,PAL-BSXX-L05,ODG301R,7,T30B/ALL/O/I/EXTCOLR,DEMO-SHEET-006,DEMO-MASTER-006,AE1TE310100XFPR,BSXX-L05,,5,,,T30B,,,,DOCK01,DEMO-ORDER-006,167064,,,001,1730A30B,FUEL CANISTER,STD,30,,,F102L2,5,A3,,,0,DEMO-DEMAND-007,1,,,,
TRAIN,TE310100,01,F,PR,DEMO-PICK-007,6,BSXX-L06,PAL-BSXX-L06,ODG301R,7,T30B/ALL/O/I/EXTCOLR,DEMO-SHEET-007,DEMO-MASTER-007,AE1TE310100XFPR,BSXX-L06,,6,,,T30B,,,,DOCK01,DEMO-ORDER-007,167064,,,001,74671TWA,INSULATOR,STD,60,,,F131L3,6,A1,,,0,DEMO-DEMAND-008,1,,,,
LOAD,LD9002,01,H,PR,DEMO-PICK-008,1,LOAD0001,PAL-LD9002,OMSORD33PR,1,T30B/ALL/O/I/EXTCOLR,DEMO-SHEET-008,DEMO-MASTER-008,LD9002,BSXX-R01,,1,,,T30B,,,,DOCK01,DEMO-ORDER-008,167064,51,,001,7132130A,"COVER, FR",STD,60,,,H320R1,1,A1,,,0,DEMO-DEMAND-009,1,,,,
LOAD,LD9002,01,H,PR,DEMO-PICK-008,1,LOAD0001,PAL-LD9002,OMSORD33PR,1,T30B/ALL/O/I/EXTCOLR,DEMO-SHEET-008,DEMO-MASTER-008,LD9002,BSXX-R01,,1,,,T30B,,,,DOCK01,DEMO-ORDER-008,167064,51,,002,8033030B,INTERNAL TRIM,STD,20,,,H320R1,1,A1,,,0,DEMO-DEMAND-010,2,,,,
