Container Unique Serial Number,Part Number,Part Color,Container Quantity,Weight,Unit Cost,Receive Date,Pallet ID
60701270-000001,7132130A,STD,60,,,,PAL-0001
60701270-000002,8033030B,STD,20,,,,PAL-0001
60701270-000003,8033030B,STD,20,,,,PAL-0001
60701270-000004,8416130A,NH882L,60,,,,PAL-0001
60701270-000005,7650030A,STD,30,,,,PAL-0001
60701270-000006,3355030A,STD,30,,,,PAL-0001
60701270-000007,1730A30B,STD,30,,,,PAL-0001
60701270-000008,74671TWA,STD,60,,,,PAL-0001
LOAD-SERIAL-001,7132130A,STD,60,,,,PAL-0002
LOAD-SERIAL-002,8033030B,STD,20,,,,PAL-0002
